{"cameraMode":{"drawMode":0,"name":"Shaded","section":"Shading Mode"},"sceneLighting":true,"audioPlay":false,"sceneViewState":{"showFog":false,"showMaterialUpdate":false,"showSkybox":false,"showFlares":false,"showImageEffects":false,"showParticleSystems":false},"in2DMode":false,"pivot":{"x":9.177539825439454,"y":11.649662017822266,"z":9.061543464660645},"rotation":{"x":0.06508532166481018,"y":0.6713038682937622,"z":-0.059356581419706348,"w":0.7359400391578674},"size":10.193157196044922,"orthographic":false}